,id,rating,date,source,reviews,snippet
0,0.0,5.0,2024-02-04 09:49:54+00:00,Google,6.0,ูู ุงูุฏุฑ ุงุญุท ููููู ูุฌูู ุญุทูุช ุจุตุฑุงุญู ุชุนุงูููู ุณูู ููุฑูุญ ุฎุตูุตูุง ููุธู ุงูุงุณุชูุจุงู ูุณู ุงููุฎุชุจุฑ ( ุนุจุฏุงูุนุฒูุฒ ุงูุญุฑุจู) ุงุดูุฑู ุฌุฒูู ุงูุดูุฑ ุงููู ูุณุนุฏู ุนูู ุชุนุงููู ูุณุฑุนุฉ ุฎุฏูุชู ๐๐ป
0,1.0,5.0,2023-11-20 17:19:47+00:00,Google,3.0,"ุญุจูุช ุงุนูู ุน ุงูููุงู ุงูุณูุจู
ุงูู ุดู ูุนุฑูู ุงููู ูุงุฑุงุญ ูุฑุฏูู ูู ุถุบุท ุงูุดุบู
ุงูุดู ุงูุซุงูู ุงูุทุทุงูู ูุชูุงูู ููุชูุงุชู ููุจุชุณููู ูู ูุฌูู ููุณุงุนุฏููู
ุงูุฎุฏูู ุณุฑูุนู ููุฎูุตููู
ูุจุงูููุงูู ุงุดูุฑ ูู ููุธู ููู ูุนูู ุฑุงุณูู ุงุณุชุงุฐ ุญูุฏ"
0,2.0,5.0,2018-03-18 10:38:01+00:00,Google,476.0,ูุง ุดุงุก ุงููู ุชุจุงุฑู ุงููู ุงุณุชูุจุงู ููุชุงุฒ ููุชุนุงูููู ููู ุงููุดููุฉ ูุง ููุฏุฑูู ููุฑุงุนูู ุงููุฑุถู ุงููุญุชุงุฌูู ูุฃูุฑ ุทุงุฑุฆ ููููู ุงูุงุณุชูุจุงู ูุงุฒู ููุนุฏ.. ุงููู ุงููุณุชุนุงู
0,3.0,5.0,2024-02-21 12:55:43+00:00,Google,8.0,ุงุดูุฑ ุงูุงุณุชุดุงุฑูู ุฏ.ุฑุงุจุนู ูุงุดุงุก ุงููู ููู ูุญุณู ุฎูู ูุชูุงูู ูุน ูุจุงุฑ ุงูุณู ููุฎุฑ ุจุงูุซุงููุง ูู ุจูุงุชูุง
0,4.0,5.0,2023-09-21 05:53:52+00:00,Google,6.0,ุฌุฒุงูู ุงููู ุฎูุฑ ูุชุนุงูููู ูุฎุฏูููู ุฎุงุตู ุงูุงุณุชูุจุงู ูุงูุตูุฏููู ูุงูุนุงูููู ูู ุนูุงุฏุฉ ุงููุฏู ูุงุนุฏุง ููุธู ุงูุงุณุชูุจุงู ูุญุณ ุงูู ูุฒูุฑ ุงูุตุญู
0,5.0,5.0,2022-04-14 01:11:37+00:00,Google,100.0,"ุงูุญูุฏููู ุงูุฐู ุจูุนูุชู ุชุชู ุงูุตุงูุญุงุช..
ุงูููู ูู ุงูุญูุฏ ูุงูุดูุฑ ุนูู ูุนูู ุงูุชู ูุง ุชุนุฏ ููุง ุชุญุตู.
ุงููุธุงูุฉ ูุงูุชุฑุชูุจ ููุชุงุฒ ุฌุฏุง ุฌุฏุง.
ูุชููุฑ ุงูููุงูู ููุฌุฑู ุนููู ุงูุชุตููุญุงุช ูุงูุชุฑุชูุจุงุช ูุงูุตูุงูู. ูู ุธู ุญูููุชูุง ุงูุฑุดูุฏู.
ุงูููู ุงุฏู ุนูููุง ูุนูุฉ ุงูุฃูู ูุงูุฃูุงู ูุงูุงุณุชูุฑุงุฑ ูู ุจูุงุฏูุง ุ ููุฌููุน ุจูุฏุงู ุงููุณูููู.. ูุง ุญู ูุง ูููู ูุง ูุฏูุฑ ูุง ุนุฒูุฒ ูุง ุฑุจ ุงูุนุงูููู."
0,6.0,5.0,2022-05-10 08:08:26+00:00,Google,15.0,"ูุฑุชุจ ูููุธู ูุงูุงุณุชูุจุงู ูุชุนุงูููู ูุจุฐููู ุฌูุฏ ูุดูุฑูู ุนููู ุ
ููู ูุงูุฑุฏูู ุนูู ุงูุงุชุตุงู ููู ููู ูู ูู ูู ุงุฑุงุฏ ูุณุชูุณุฑ ูุฑูุญ ูููุฑูุฒ ูุฒุฏุญู ุน ุงููุงุถู"
0,7.0,5.0,2024-01-11 15:45:29+00:00,Google,6.0,ุฑุจู ูุดูู ุงููุณูููู
0,0.0,5.0,2022-04-20 14:23:49+00:00,Google,13.0,ูุฑูุฒ ูุธูู ุฌุฏุงู ูุทุงูู ูุชุนุงูููู ุงููู ููุชุจ ุฃุฌุฑูู ูุงุฑุจ
0,2.0,5.0,2017-12-12 07:05:29+00:00,Google,515.0,"ูุฑูุฒ ุงูุณูุฑ ูุงูุบุฏุฏ ุงูุตูุงุก ูุชุฎุตุต ุจูุฑุถู ุงูุณูุฑ
ูุญุชุงุฌ ุฒูุงุฏุฉ ูู ุงูููุงุฏุฑ ุงูุทุจูู
ุฎุฏูุชูู ุฑุงุฆุนู ุงููู ูููููู ูููุชุจ ููู ุงูุงุฌุฑ"
0,4.0,5.0,2018-05-29 00:57:43+00:00,Google,12.0,ูู ุณูุญุชูุง ุงููู ูุนุฑู ูููู ูุชู ููุชุญ ุงูุชุญููู ุจุฑูุถุงู
0,6.0,5.0,2019-11-10 04:47:51+00:00,Google,46.0,"ูุฑูุฒ ูุชููุฒ ููุบุฏุฏ ุงูุตูุงุก ูุงูุณูุฑ
ููุงุญุธุฉ ุงููุฎุชุจุฑ ูู ุงููุจูู ุงูุบุฑุจู (ูุฑูุฒ ุงููุฏู ุงูุณูุฑูุฉ)"
0,8.0,5.0,2020-11-10 11:53:53+00:00,Google,85.0,"ุทุงูู ุทุจู ุณุนูุฏู ููุชุฎุฑุจูู
ููู ุงูููุธููู ๐ฏ %"
0,10.0,5.0,2022-09-04 14:45:52+00:00,Google,192.0,ุชููุฑ ููุงูู ุงูุณูุงุฑุงุช
0,12.0,5.0,2023-03-01 04:08:42+00:00,Google,193.0,ุฑุงุฆุน
0,14.0,5.0,2022-05-28 04:31:48+00:00,Google,103.0,ููุชุงุฒ
0,16.0,5.0,2018-11-05 07:55:19+00:00,Google,0.0,
0,18.0,5.0,2017-07-22 02:25:45+00:00,Google,280.0,ุฑุงุฆุน
0,0.0,5.0,2019-07-21 10:20:37+00:00,Google,4.0,
0,3.0,5.0,2020-02-02 07:08:52+00:00,Google,7.0,
0,6.0,5.0,2016-05-17 10:36:32+00:00,Google,7.0,
0,9.0,5.0,2019-10-23 20:37:20+00:00,Google,0.0,
0,12.0,5.0,2024-02-28 08:40:19+00:00,Google,16.0,
0,15.0,5.0,2021-03-31 08:10:13+00:00,Google,0.0,
0,18.0,5.0,2023-09-13 10:01:53+00:00,Google,16.0,
0,21.0,5.0,2022-01-04 03:38:25+00:00,Google,35.0,
0,24.0,5.0,2021-08-27 09:50:08+00:00,Google,5.0,
0,27.0,5.0,2024-05-02 06:17:32+00:00,Google,0.0,
0,0.0,5.0,2023-12-17 20:05:19+00:00,Google,2.0,
0,4.0,5.0,2023-05-13 19:19:13+00:00,Google,2.0,
0,8.0,4.0,2022-05-28 20:57:53+00:00,Google,5.0,ุงูุณูุงู ุนููููุ ุญุงููุช ุงูู ุฃุนุฏู ููุนุฏู ุฏูู ุญุถูุฑู ูููุณุชุดูู ุจุญูู ุจุนุฏู ุนูู ููู ุงุณุชุทุนุ ุฑุบู ุงูู ุฑุฏ ุนูู ููุธู ูุญุงูู ุงูู ูุญูููู ููููุงุนูุฏ ููู ุชูุฌุญ ุชุญูููุงุชู ููุง ุงุฌุงุจุฉุ ูููู ูู ุฐูุจุช ูููุณุชุดูู ูุงู ุงููุณุชุดูู ูุฏ ุฃุบูู ูุน ุงูุงุณู ููุช ูุชุฃุฎุฑูุง ุจุญูู ููุช ุฏุฑุงุณุชู ูุงุดุบุงููุ ูููู ุงุชู ุฅูู ูุจุฏู ุงูู ููุธู ุตุงุญุจ ูุงุฒุฏุง ุณูุฏุงุก ูุงุฎุฐ ุงูุฑุงูู ูุฎุฏููู ููุงู ุจูุฑุง ูุนุฏู ููุนุฏู ูุตุงุฑ ููุง ูุนุฏ ูุฌุฒุงู ุงููู ุฎูุฑูุง ููุซุฑ ุงููู ูู ุงูุซุงูู ูููุฐุฌ ูุดุฑู ูุฃุจูุงุฆูุง ุงูููุธูููู ุงูุณุนูุฏูููุ ููุฐูู ุญุงุฑุณ ุงูุฃูู ุดุฎุต ุฑุงูู ููุญุชุฑู ููุนุงููู ุจูุทู ูุฌุฒุงู ุงููู ุฎูุฑูุง.
0,12.0,4.0,2019-04-08 05:25:27+00:00,Google,111.0,"ูุฑูุฒ ุชุงุจุน ููุณุชุดูู ุงูููู ููุฏ ุงูุชุฎุตุตู ููู ูุณุชูู ููุนุงูุฌ ุงูุณูุฑู ูุงูุบุฏุฏ ุงูุตูุงุก ุ ุงุชุงุจุน ูุนูู ูู ุณููุงุชุ ุงุณุชูุจุงู ุจุจุดุงุดุฉ ูุงุฎูุงุต ุฑุบู ุถุบุท ุงูุนูู ุนููููุุฌุฒุงูู ุงููู ุฎูุฑุ ุงููุดููุฉ ุงููุญูุฏุฉ ูู ุงูููุงุนูุฏ ููู ูุชุจุงุนุฏุฉ ูุงุญูุงูุง ุชููู ุงูุญุงูุฉ ูุงุชุณุชุฏุนู ุงููุชุงุจุนุฉ ุงูุฏูููุฉ ูุงูุณุฑูุนุฉ ุงู ุชููู ูู ุญุงูุฉ ุงูุงุณุชูุฑุงุฑุ ุงููุจูู ุชู ุชุฌุฏูุฏู ููุงู ูุฏููุง ุงูุชุญุงููู ุชุนูููุง ูู ุงููุณุชุดูู ุงูุงู ุตุงุฑ ุนูุฏูู ูุฎุชุจุฑ ูุณุชูู
.. ุงููู ูุดูู ูู ูุฑูุถ... ูุญูุธ ุงููู ุจูุงุฏูุง ูู ูู ููุฑูู"
0,16.0,4.0,2022-09-20 14:07:13+00:00,Google,444.0,ุงููู ูุฏูู ุงูุฎูุฑ ูู ุจูุฏูุง
0,20.0,4.0,2020-03-01 05:56:21+00:00,Google,1374.0,ูุฑูุฒ ูุชุฎุตุต ููุฑุถู ุงูุณูุฑู ูููุฌูุฏ ุจู ุนูุงุฌ ุฏูุฑู ุนูู ุญุณุจ ุงูุญุงูุฉ
0,24.0,4.0,2023-05-03 01:44:53+00:00,Google,252.0,ูุชู ุงููุงุช ุงูุนูู ุ
0,28.0,4.0,2021-03-18 20:40:54+00:00,Google,1.0,ููู ุงูุฏุฑ ุงุญุฌุฒ ููุนุฏ ุ
0,32.0,4.0,2022-06-28 10:22:50+00:00,Google,394.0,ููุชุงุฒ ููุธูู
0,36.0,4.0,2018-08-15 06:50:18+00:00,Google,2.0,ุฌููููููู
0,0.0,4.0,2019-05-20 09:28:11+00:00,Google,75.0,
0,5.0,4.0,2021-07-22 23:45:38+00:00,Google,46.0,
0,10.0,3.0,2023-08-17 11:38:31+00:00,Google,6.0,"ุงูุงูุชุธุงุฑ ุทููู ูฃ ุณุงุนุงุช ูุฑุฉ ุชุนุจ ุนูููุง ููุนุฏ ุจุงูุณุงุนู ูุงุฐุง ุฌูุช ููุนุฏ ุฏุฎูู ูุฑูู ุจุงูุงุฑูุงู ๐ซก๐ซก
ุงูููุธููู ูุนุงููุงุชูู ุฌุฏุงู ููุชุงุฒุฉ ููู
ุทูู ุงูุงูุชุธุงุฑ ูุฑุงุฌุน ูู ูุธููู ๐ช"
0,15.0,3.0,2023-12-29 15:45:25+00:00,Google,216.0,ุฒุญูู
0,20.0,3.0,2021-07-12 02:35:16+00:00,Google,2.0,ููู ูุงุญุทู ูุชู ููุชุญูู ๐ก๐ญ
0,25.0,3.0,2021-03-14 02:57:00+00:00,Google,40.0,ูุญุชุงุฌ ุฅุฏุงุฑุฉ ุฃูุถู
0,30.0,3.0,2017-08-08 07:34:03+00:00,Google,45.0,
0,35.0,3.0,2018-03-09 18:45:33+00:00,Google,77.0,
0,40.0,3.0,2021-04-27 09:58:30+00:00,Google,210.0,
0,45.0,3.0,2021-10-20 03:12:17+00:00,Google,1.0,
0,0.0,2.0,2023-08-17 11:00:51+00:00,Google,2.0,"ุงุชููู ูุชู ุงูุบุงุก ุงููุงุชู ูู ุนูุฏูู ูุนุฏู ูุฌูุฏ ูุงูุฏุฉ ููู ูุชูููุฑ ููุงุชูุฑุฉ ุงููุงุชู
ุจุนุฏู ููุนุฏ ูุงูุง ุจุนูุฏ ูุงูุฏุฑุช ุงูุง ุนู ุทุฑูู 937
ูู ูุฑุบุจ ูุชูุงุตู ูุนูู ูุงุฒู ูุชุตู
937 ููู ูุฑุฌุนูู ูุชุตููู ุนููู ุจููุณ ุดููุฉ"
0,6.0,2.0,2024-03-06 12:44:38+00:00,Google,3.0,ูุญุชุงุฌ ุงูุชุฒุงู ูููุงุธุจุฉ ุงูุซุฑ ูุจุนุถ ููุฏูุงุชุฑุฉ ูุงูููุธููู
0,12.0,2.0,2022-04-13 01:38:41+00:00,Google,31.0,ููุชุงุฒูู ููู ูุฏููู ุดูุก ุณูุก ุจุตุฑุงุญู ูุง ูุฑุฏูู ุนูู ุงููุงุชู ุงุจุฏุงู
0,18.0,2.0,2019-05-19 09:44:23+00:00,Google,1.0,"ุงุญูุฏ ุงูุนุฌูุงู
ููุถู ูุฒุงุฑู ุงูุตุญู
ูุณุชุดูู ุงูููู ููุฏ ุงูุชุฎุตุตู ุจุจุฑูุฏู
ูุงู ุฑุงูุณ ูุณู ูุฑูุฒ ุงูุณูุฑ
ุนููู ูุถุงูุง ูุณุงุฏ
ุดุงูุชู ููุงูุญุช ุงููุณุงุฏ ููุณุฌู 5 ุดููุฑ
ุงูุณุงู ุธุงูู ุงููู ูุง ููููู ูููุณุฉ ูุธูู ูู ุงููุงุณ ุงูุณุงู ุญููุฑ ุงููู ููุนูู ูุงุฑุจ ูู ุดูุฑ ุฑูุถุงู ูุจุงุฑู ุฏุง ูุญุจ ูุชุนุฏู ุนูู ุงููุงุณ ู ุถููุฑู ูุฑุชุงุญ"
0,24.0,2.0,2020-10-13 07:35:00+00:00,Google,411.0,ููุณ ุณูู ูููู ูู ุจุนุถ ุงูุงุญูุงู ูุฑูุถูุง ุฏุฎูู ุงููุฑุงูู ูุน ุงููุฑูุถ ุงูู ุงูุชุญููู ูุน ุงูุนูู ุงู ุงูุงุบูุจูุฉ ูุจุงุฑ ุงูุณู
0,30.0,2.0,2018-03-26 08:35:28+00:00,Google,5.0,
0,36.0,2.0,2019-05-07 03:52:29+00:00,Google,13.0,
0,42.0,1.0,2024-03-23 09:02:51+00:00,Google,2.0,Phone calls arenโt working
0,48.0,1.0,2024-05-15 05:23:11+00:00,Google,112.0,ูุฑูุฒ ูููู ููุชุนุจ. ุชุฎูููุง ุฌูุช ุงุณูู ุชุญููู ูุงููุง ูู ูุณุฌู ุนูุฏูุง ุงูุชุญููู ุฑูุญู ููุนูุงุฏู ุงูููุงููู ูุณุฌููู ูู ุงูุชุญููู ูุงุฌูุณ ุงูุชุธุงุฑ ุซุงูู  ูุงุญูู ููุงููุฉ ุงูุง ุจุงููู
0,54.0,1.0,2024-04-24 10:51:31+00:00,Google,4.0,ูุฌูุน ูุงุดู ุจูุง ุชุนููู ุงููููู ูุงูุงุชุตุงู ูู ุงูุณุจุน ุงููุณุชุญููุงุช ูุฑุฏูู ุนููู ููุฐุง ูุฏู ุนูู ูุดู ุงูุงุฏุงุฑู ูุงุชููู ุตูุชูุง ูุงุตูู ูุงู ูุณุฆูู ูุงู ุงูุชุนูููุงุช ูููุง ุณูุจูู !
0,0.0,1.0,2024-03-17 10:44:55+00:00,Google,96.0,"ูุฌูุฉ ูุฃููู ูุณุชุญูู ูุฑุฏูู ุนูู ุงูุงุชุตุงู!!!
ุงูุง ุจุนูุฏ ุนู ุงููุฑูุฒ ูุงุญุชุงุฌ ุงุนุงุฏุฉ ุตุฑู ูุตูุฉ ููุงูุฏุฑุช ุงููููู ูุงู ูุง ุงุญุฏ ูุฑุฏ"
0,7.0,1.0,2024-04-06 03:49:57+00:00,Google,12.0,ูุงูุฑุฏูู ุน ุงูุงุชุตุงู ูุณุชุญูู ูุงูุง ููุงูู ุจุนูุฏ ูุงุจู ุงุนุงุฏู ุตุฑู
0,14.0,1.0,2022-11-22 07:36:31+00:00,Google,9.0,"ุงุชููู ุฃุญุฏ ูุฑุฏ ุนูู ุงููุงุชู โฆ.
ุชูุฑูุจุงู ูู ุงูุณุงุนุฉ ูฉ:ูคูฅ ุงูู ูกู:ูฃูฅ ุตุจุงุญุง .. ูุนูู ุฌููุน ุงูุชุญูููุงุช (ูก-ูข-ูฃ-ูค-ูฅ-ู) ููุง ุฃุญุฏ ูุฑุฏ ..
ุญุจูุช ุงุณุชูุณุฑ :
ุฃุจุนุฏ ุนู ุงููุฑูุฒ ุฃูุซุฑ ูู ูกููููู .. ููู ููุชุญ ููู ุจุงููุฑูุฒ ุุ ุนููุงู ุฃูู ูุฏู ููู ุจุงููุณุชุดูู ูุงููุฑูุฒ ุงูุฐู ุงุฑุงุฌุน ููู ุุ

ูููู ูุชูุงุตู ูุน ุงููุฑูุฒ ุฎุตูุตุงู ูุน ูุฌูุฏ ุงูุฏูุงู + ุงูุจุนุฏ ุนู ุงููุฑูุฒ ุุ"
0,21.0,1.0,2023-06-26 17:55:02+00:00,Google,139.0,ุตุฑุงุญู ููุช ุงููุฑ ุงุฑูุญ ููุฐุง ุงููุฑูุฒ ููู ุตุฏูุช ุจุงูุชุนูููุงุช ูุงุชุจุดุฑ ุจุงูุฎูุฑ  ููู ูุฐุง ูุงูุฑูุฒ ุงูุณูุฑ ูุงูุบุฏุฏ ุงูุตูุงุก ุุุงุญุฑุตู ุนูู ุงูุงุฑุชูุงุก ุจุงูููุงู ุงูุฐู ุชุนูููู ููู ููุตู ูุฑุถุงุก ุงููุฑูุถ ุฎุงุตู ุงููู ูุฑูุฒ ูุณุชูุจู ูุฑุถู ูุญุชุงุฌูู ุฑุนุงูู ูุงูุชูุงู ูููุณ ูุชุฌุงุฑู ูุงูุงุฑุจุงุญ
0,28.0,1.0,2022-06-02 07:48:47+00:00,Google,157.0,ูุฑูุฒ ุงุฒูุช ูู ุงูุฒูุช ููุทุนููู ุณุงุนู ุณุงุนุชูู ุงูุชุธุงุฑ ูุฑูุญ ูุชุนุงู ูุงุฎุฑุชูุง ุญุถุฑุช ุงูุฏูุชูุฑู ูุง ุฏุงููุชุ ูุงูุง ุฌุงูุณ ุจุงูุงูุชุธุงุฑ ุดูุช ุงูููุชู ูุงูุชุณูุจ ูู ุฏูุชูุฑู ูุตุฑูู ุชููู ููุฑุถ ุจุงููุฎุชุจุฑ ุชูููู ุงูุง ูุงุดูู ูููููุง ุทูุจ ูููู ุงูุดุบูู ุงูููุงููู ูุชูููู ููุฏุฑุด ูุงูุฏูุชูุฑู ุงูุซุงููู ุดุบุงูู ููุงููุงุช ูุฏู ุญูู ูุน ุฒูููุชูุง ูู ููุงุถูุน ุฎุงุฑุฌ ุงูุนูู ูุชุงููู ูุชุงุฑูู ุงููุฑุงุฌุน ููุชุธุฑ ุญุถุฑุชูุง ุชุฎูุต ุณูุงูููุง ุงููู ูุงุชุฎูุตุุ ุงูุฃููุฏ ุงูู ุชุทูุน ูุตุงุจ ุจุฃุญุฏ ุญุงูุชููุ ุงูุง ุถุงุฑุจ ููู ุนุฑู ูู ูุซุฑ ุงูุถุบุท ุงู ููุณูู ูุชุฏุฎู ูู ูุนูุนู ุงููุตุญุงุช ุงูููุณููุ ูุงูู ูุฑูุฒ ูุฌูุจ ุงููุฑุถ ูุง ูุนุงูุฌู
0,35.0,1.0,2021-06-08 18:07:48+00:00,Google,38.0,"ูุญุชุงุฌ ุงูู ุงูุงูุชุฒุงู ุจุงูููุงุนูุฏ ุงููุณุฌูุฉ ูููุฑุถู ุ ูู ุบูุฑ ุงููุนููู ูุฃุชู ุงููุฑูุถ ูู ููุณ ุชุงุฑูุฎ ูุณุงุนุฉ ุงูููุนุฏ ููุฃุฎุฐ ุฑูู ููุงูุชุธุงุฑ ูุชูุถู ุงูุณุงุนุงุช ููู ููุงุจู ุงูุฏูุชูุฑ ุงูุง ุจุนุฏ ูุดูุฉ ุ ููู ุฌุงุก ูุจูู ูุงุฎุฐ ุฑูู ูู ุงูููุฏู ุนูู ..!
ุงูููุฑูุถ ุชุฑุชูุจ ุงูุฏุฎูู ููุฏูุชูุฑ ุจููุณ ุณุงุนุฉ ุงูููุนุฏ ูู ุงููุฑุช ูููุณ ุจุฑูู ุงูุงูุชุธุงุฑ .
ูุดูุฑุงู"
0,42.0,1.0,2024-02-19 05:44:02+00:00,Google,1.0,ุงูุญูู ูุชู ูุชุฑุฏูู ุนูููู ูุจุนุฏูู ูุนููุุ
0,49.0,1.0,2024-04-30 08:44:18+00:00,Google,4.0,ูุฌุจ ุงูุฑูุงุจุฉ ูุงูุงูุธุจุงุท ุงููุธููู ุนูููู
0,56.0,1.0,2022-03-20 07:48:05+00:00,Google,137.0,ููุงู ูุฒุฏุญู ุฌุฏุง ูุชูุธูู ุณูุฆ ุงููู ูููู ุจุนูู ุงููุฑุงุฌุนูู
0,63.0,1.0,2021-09-13 08:38:43+00:00,Google,19.0,"ูู ุงูุงููู ุงูุงุฎูุฑู ุงููุฑูุฒ ูุงุดู ูู ุงุฏุงุฑุฉ ุงูุงุฒูุงุช ุนูุฏู ููุนุฏ ุชุญููู ูุญุถุฑุช ูุจู ูุงููุชุญ ุงููุฑูุฒ ูู ุงูุณุงุนู ูง ุตุจุงุญุง ููุนุฏู ุงูุณุงุจู ูู ูุญุฏุฏ ููุนุฏ ุชุญููู ุจุงูููู ุจู ูุงู ุงูููุนุฏ ูุจู ููุนุฏ ุงูุฏูุชูุฑ  ุจุนุดุฑ ุงูุงู ููุท ุจุฏูู ุชุญุฏูุฏ ููุช ูุงูุถุง ูุตูุช ูู ุฑุณุงูู ุชุฃููุฏ
ุฏุฎูุช ุงููุฑูุฒ ูุจุนุฏ ูุต ุณุงุนู ุจุฏุช ุงูููุถู ุงููุฑุงุฌุนูู ุงุนุฏุงุฏ ูุจูุฑู ููุซูุฑ ูููู ููุณ ุทุฑููุชู ูู ูุญุฏุฏ ููู ููุนุฏ ุณุงุจู ุจุงูููู ูุงูุณุงุนู ุชุนุงู ุดู ุงูููุถู  ุทุจุนุง ุญูุง ูุงูุช ููุงุนูุฏูุง ูู ุงูุซุฑ ูู ูฆ ุดููุฑ
ุฌููุง ุชุฎูู ููุงููู ููุง ุงูุชุธุฑู ูุญุฏ ูุงูุฎูุตูู ุงูู ููู ููุงุนูุฏ ุจุนุฏูู ูุฌู ุฏูุฑูู ูุด ูุงูููุงู ุญูุง ูุงููุง ุฐูุจ ุฌููุง ุนูู ุญุณุจ ููุงููู ููุฑูุญ ูููุฏูุฑ ูููุงูู ูุฐุง ุงููุธุงู ุฌุงูุฒ ูู ูุงูุง ุฑุญ ุฎุฐ ููุนุฏ ุฌุฏูุฏ  ูุงุฌูุณ ุงูุชุธุฑ ุงูู ุงูุณุงุนู ูกูก ุญุณุจู ุงููู ููุนู ุงููููู ูุงูู ุฒุงุฏ ุงูุทูู ุจูู ุญุงุฑุณุฉ ุงูู ุดุงููุชู ููุณู ุนูู ุงููุฑุงุฌุนูู ูุชููุด ูุชุฒูุฑ ุงุณูู ุญุตู ุงูุฏูุงุชุฑู ูุงุณูู ุณูุงุชู.   ุงูู ูุงุจู ุดู ููุฑุถ ุงุฐุง ุดุงู ุงููููู โฆ
ุงููู ูุบูููุง ุนููู ุจุงูุตุญู ูุงูุนุงููู ุ"
0,0.0,1.0,2023-10-04 11:05:33+00:00,Google,1.0,ูุง ูุงุฆุฏู ูู ุงูุงุชุตุงู ูู ุณุงุนุชูู ุงุชุตู ููุง ุงุญุฏ ูุฑุฏ  ุงุชุตู ุนูู 937
0,8.0,1.0,2022-04-11 09:04:57+00:00,Google,35.0,ุงููู ูุนูู ุจุนุฏ ุตูุงุฉ ุงูุธูุฑ ุงุจุฑูุญ ุงุทู ููู ูุดูุงุฑ ูุงููุดููู ุงู ูุงุญุตูุช ุนูุงุฌ ุจุณุจุจ ุงู ูุญุฏ ูุฑุฏ ุนูู ุงููุงุชู ุฑุฏู ุนุดุงู ุงุนุฑู ุงุฐุง ููุฌูุฏ ุงูุนูุงุฌ ูู ุงุฌู ูู ุงุญุตู..
0,16.0,1.0,2022-04-25 11:32:31+00:00,Google,11.0,ุงูุง ุงูุตุฑุงุญุฉ ูุง ุงุฏุฑู ููุด ุญุงุทูู ุฑูู ูุงุชู ุดูู ูุนูู ุงูุง ุงุชููู ุงูู ุงุญุฏ ูุจูุบ ุนูู ุงูุชุณูุจ ุฐุง ููู ููู ุฅุฑูุงู ุนูู ุจุนุถ ุงููุงุณ ุจุฏุงู ูุง ุชุฑุฏูู ุนูููู ุชุฎููููู ูุทููู ูุดูุงุฑ ูููุฑูุฒ ููุดุ! ูุง ุงููู ุงูุง ุญุณุจู ุงููู ุนูู ูู ูุงู ุงูุณุจุจ
0,24.0,1.0,2023-08-31 09:47:48+00:00,Google,8.0,ุงููุงุชู ุฃูุชุฑุญ ุนูููู ููุบููู ูุฃู ูุงูู ูุงูุฏู ูุงุนูุฑูู ุฑุฏูุง ุนูู ุงูููุงููุงุช
0,32.0,1.0,2023-08-17 12:39:50+00:00,Google,14.0,ุงูุชุงุฎูุฑ ุจุงูุณุงุนุงุช ูุงูู ูุนูููู ุงูุฏูุชูุฑ ูุณููู ุน ุงููุฑุถู ูุจุงุฑุฏ ููุทูู ุจุงููุงุชุณ ูููุชุทุฑูู ุณุงุนุชูู ููุต ุนูุดุงู ุงุฏุฎู ุนููู
0,40.0,1.0,2023-02-21 08:03:37+00:00,Google,23.0,ุณูุก ูู ุงูุชูุงุตู ูุญุฏ ูุฑุณู ุชุฏู ุนูููู ูุฑู ูุงูู ูุญุฏ ูุฑุฏ ูุฑูุนูู ุงูุณูุงุนุฉ ููููููู ุงูููุงู ูุฐุง ููุทุจู ุนูู ุฌููุน ุงูุชุญูููุงุช
0,48.0,1.0,2021-07-12 08:48:17+00:00,Google,4.0,ุญุงุทูู ุฑูู ููุช ุงุฏู ุนูู ูู ุงูุชุญูููุงุช ูุง ููู ุงุณุชุฌุงุจู ! ุงุจู ุจุณ ุทุฑููู ุญุฌุฒ ููุนุฏ ููุชู ุงููุงุช ุนูููู ุงุฎุงู ุงุทูุน ุจุฐุง ุงูุดููุณ ูุงูุญุฑ ุจุฏูู ูุชูุฌู ! ๐ข
0,56.0,1.0,2022-04-20 14:04:36+00:00,Google,4.0,ูุฑูุฒ ุณูุก ููุงูุฑุฏูู ุนูู ุงููุงุชู ุงุฐุง ุจุชุญุฌุฒ ูุงุฒู ุชุนูู ููู ููุง ููุชุญูู ุงูุง ูฃ ุณุงุนุงุช!!๐๐ป
0,64.0,1.0,2022-10-31 09:47:43+00:00,Google,13.0,ูุงูุฑุฏูู ุนูู ุงููุงุชู ููุงุฆู ููุงุฆู ูุงุฒู ุชุฑูุญ ููู ูุชุทู ูุดูุงุฑ ุนุดุงู ุชุนุฏู ููุนุฏู
0,72.0,1.0,2023-05-01 09:51:03+00:00,Google,5.0,ุงูุณ ุฌูุช ุงุจุบู ุชุซููู ุจุงูุงุจุฑ ูุงุญุฏ ูุนุทูู ูุฌู ุงูุง ุงุฐุง ูุงู ุชุนุฑููู ุงุญุฏ ูุงุณุทุฉ ูุจุณ
0,0.0,1.0,2022-10-11 16:56:44+00:00,Google,147.0,ุงูุนูุงุฌุงุช ุนูุฏูู ูุงุชุงุฎุฐูุง ุงูุง ุจุนุฏ ุดูุงูู ููุฒุงุฑุฉ ุงูุตุญุฉ ููุฑูุทู ุฏุงุฆูุง ูุฎูุตู
0,9.0,1.0,2023-05-16 00:09:41+00:00,Google,28.0,ููู ุฏูุชูุฑ ุณุนูุฏู ุดุงูู ููุณู ููู ุนูุงุฏุฉ ุฎุงุตู ููุณู ุดููููู ุนูุงุฏุชู ุชุญุช
0,18.0,1.0,2022-01-20 07:18:53+00:00,Google,37.0,ุงูุชุนุงูู ุณุฆ ูุงูููุงุนูุฏ ุจุนูุฏุฉ ูุงููู ุจุงูุงุณุชูุจุงู ูููู ุฃุฏุจ ูุชุนุงููู ุณุฆ ุฌุฏุง ูุงููุณุชุดูู ููู ุณุฆ ููุณ ุจุณ ูุฑูุฒ ุงูุณูุฑ ูุงูุบุฏุฏ
0,27.0,1.0,2022-01-19 05:32:15+00:00,Google,60.0,ูู ูู ุงูู ูู ูุฌูู ูุงู ุนุทูุชูู ูุงูู ุชูุธูู ููุง ุดู
0,36.0,1.0,2022-06-17 08:57:02+00:00,Google,16.0,ุงูุฏูุชูุฑุงุช ุงููุตุฑูุงุช ููููุงุช ููุงูุดุชุบููู ููุทูุนูู ูุจู ุงูููุช
0,45.0,1.0,2022-01-09 09:16:05+00:00,Google,9.0,ููุฃุณู ูุณูุชูุงูู ุจูุฅูุญูุฏุงุฑ๐๐ููุฌููุฏ ุงูููุงุชู ูุนูุฏูู !!.
0,54.0,1.0,2021-09-05 06:21:39+00:00,Google,3.0,ุงูุฑูู ุญุงุทููู ุชุณููุชู ุญุณุจู ุงููู ุนูููู
0,63.0,1.0,2021-11-14 11:05:17+00:00,Google,33.0,ูุงุดู ููุงูุฑุฏูู ุนูู ุงูุชูููู ุณุงุนุฉ
0,72.0,1.0,2021-04-29 05:06:42+00:00,Google,2.0,ุณูุงู ุนูููู ูุชู ููุชุญ ุงููุฑูุฒ ูู ุฑูุถุงูุ
0,81.0,1.0,2021-06-15 04:49:18+00:00,Google,15.0,ุงูููุฑูุถ ูุดูููู ุงูุฑูู ุงุฐุง ูุจ ุฑุงุฏูู
0,0.0,1.0,2022-06-29 06:11:27+00:00,Google,18.0,ูุงูุฑุฏูู ุนูู ุงููุงุชู ุ!!
0,10.0,1.0,2018-04-20 19:44:46+00:00,Google,49.0,
0,20.0,1.0,2018-09-02 07:41:57+00:00,Google,7.0,
0,30.0,1.0,2021-11-02 10:03:30+00:00,Google,9.0,
0,40.0,1.0,2023-10-09 07:27:47+00:00,Google,27.0,
0,50.0,1.0,2021-05-04 14:44:28+00:00,Google,142.0,
0,60.0,1.0,2021-07-01 19:02:05+00:00,Google,4.0,
0,70.0,1.0,2022-12-21 19:20:56+00:00,Google,1.0,
